POP,CVDIR
8.4,113.24643
10.8,102.96667
8.5,185.63467
4.4,161.82045
1.1,49.43636
10.5,153.10762
5.5,101.59091
1.3,159.64615
5.4,112.96296
63,86.73444
80.6,126.60919
11.3,111.36549
10,164.819
4.5,66.19556
60.5,114.55521
2.2,168.38636
3.3,166.63333
0.5,69.36
0.4,85.1
16.6,92.88193
38.2,155.80079
10.7,109.18879
21.5,161.62884
5.4,128.82778
2.1,136.09524
47.1,87.02335
9.4,122.6266
62.2,96.26736